uuid,event_id,category,type,value,comment,to_ids,date,object_relation,attribute_tag,object_uuid,object_name,object_meta_category,event_info,event_member_org,event_source_org,event_distribution,event_threat_level_id,event_analysis,event_date,event_tag,event_timestamp
"2138e340-b40f-4403-b02d-ca448fa2f16d",4165,"Network activity","ip-dst|port","103.104.73.155|1389","CVE-2021-44228 log4j rogue-ldap",1,1639754649,"","CVE-2021-44228,log4j,rogue-ldap","","","","Log4j ThreatFox IOC Feed","Log4j-CI","Log4j-CI",1,"High",0,"2021-12-14","collection:ioc-source=""abuse.ch"",tlp:white,false-positive:risk=""medium"",osint:source-type=""automatic-collection""",1640437203
"3ac5d766-07b4-402f-8a1a-127bc053f06d",4165,"Network activity","ip-dst|port","194.40.243.149|1534","CVE-2021-44228 log4j rogue-ldap",1,1639754649,"","CVE-2021-44228,log4j,rogue-ldap","","","","Log4j ThreatFox IOC Feed","Log4j-CI","Log4j-CI",1,"High",0,"2021-12-14","collection:ioc-source=""abuse.ch"",tlp:white,false-positive:risk=""medium"",osint:source-type=""automatic-collection""",1640437203
"b5cff7d2-2483-44ce-8b50-34cc7ecc1706",4165,"Network activity","ip-dst|port","185.224.139.151|1389","CVE-2021-44228 log4j rogue-ldap",1,1639754649,"","CVE-2021-44228,log4j,rogue-ldap","","","","Log4j ThreatFox IOC Feed","Log4j-CI","Log4j-CI",1,"High",0,"2021-12-14","collection:ioc-source=""abuse.ch"",tlp:white,false-positive:risk=""medium"",osint:source-type=""automatic-collection""",1640437203
"910e7704-c137-4b84-a24c-0190ae0b5dc3",4165,"Network activity","ip-dst|port","182.131.31.122|1389","CVE-2021-44228 log4j rogue-ldap",1,1639754649,"","CVE-2021-44228,log4j,rogue-ldap","","","","Log4j ThreatFox IOC Feed","Log4j-CI","Log4j-CI",1,"High",0,"2021-12-14","collection:ioc-source=""abuse.ch"",tlp:white,false-positive:risk=""medium"",osint:source-type=""automatic-collection""",1640437203
"e96f0515-b681-4515-85c4-4410f44883cf",4165,"Network activity","ip-dst|port","31.131.16.127|1389","CVE-2021-44228 log4j rogue-ldap",1,1639754649,"","CVE-2021-44228,log4j,rogue-ldap","","","","Log4j ThreatFox IOC Feed","Log4j-CI","Log4j-CI",1,"High",0,"2021-12-14","collection:ioc-source=""abuse.ch"",tlp:white,false-positive:risk=""medium"",osint:source-type=""automatic-collection""",1640437203
"43d7d416-12bd-4383-9a7e-71141617f9e5",4165,"Network activity","url","http://152.67.63.150/py","CVE-2021-44228 log4j log4shell Mirai",1,1639754649,"","CVE-2021-44228,log4j,Log4shell,mirai","","","","Log4j ThreatFox IOC Feed","Log4j-CI","Log4j-CI",1,"High",0,"2021-12-14","collection:ioc-source=""abuse.ch"",tlp:white,false-positive:risk=""medium"",osint:source-type=""automatic-collection""",1640437203
"73831049-28fb-4ba0-aad4-694e12fc2e20",4165,"Network activity","url","http://135.125.217.87/jndi.sh","log4j",1,1639754649,"","log4j","","","","Log4j ThreatFox IOC Feed","Log4j-CI","Log4j-CI",1,"High",0,"2021-12-14","collection:ioc-source=""abuse.ch"",tlp:white,false-positive:risk=""medium"",osint:source-type=""automatic-collection""",1640437203
"efbe68ad-1ea8-4211-9f8d-c69acc43d204",4165,"Network activity","url","http://165.227.239.108/stl.sh","log4j",1,1639754649,"","log4j","","","","Log4j ThreatFox IOC Feed","Log4j-CI","Log4j-CI",1,"High",0,"2021-12-14","collection:ioc-source=""abuse.ch"",tlp:white,false-positive:risk=""medium"",osint:source-type=""automatic-collection""",1640437203
"b7789c5e-02b9-4069-ac1c-33e578843282",4165,"Network activity","url","http://135.125.217.87/jndialive.sh","log4j",1,1639754649,"","log4j","","","","Log4j ThreatFox IOC Feed","Log4j-CI","Log4j-CI",1,"High",0,"2021-12-14","collection:ioc-source=""abuse.ch"",tlp:white,false-positive:risk=""medium"",osint:source-type=""automatic-collection""",1640437203
"38f5ee7f-b1b5-4dca-ac83-7d9f8dab3188",4165,"Network activity","ip-dst|port","159.223.5.30|1389","CVE-2021-44228 log4j rogue-ldap",1,1639754649,"","CVE-2021-44228,log4j,rogue-ldap","","","","Log4j ThreatFox IOC Feed","Log4j-CI","Log4j-CI",1,"High",0,"2021-12-14","collection:ioc-source=""abuse.ch"",tlp:white,false-positive:risk=""medium"",osint:source-type=""automatic-collection""",1640437203
"e8b5fa8f-ca34-43e4-be04-d31c792899a8",4165,"Network activity","ip-dst|port","135.148.143.217|1389","CVE-2021-44228 log4j rogue-ldap",1,1639754649,"","CVE-2021-44228,log4j,rogue-ldap","","","","Log4j ThreatFox IOC Feed","Log4j-CI","Log4j-CI",1,"High",0,"2021-12-14","collection:ioc-source=""abuse.ch"",tlp:white,false-positive:risk=""medium"",osint:source-type=""automatic-collection""",1640437203
"3cc22c20-24f6-4277-810e-be2c1288176d",4165,"Network activity","ip-dst|port","167.99.32.139|1389","CVE-2021-44228 log4j rogue-ldap",1,1639754649,"","CVE-2021-44228,log4j,rogue-ldap","","","","Log4j ThreatFox IOC Feed","Log4j-CI","Log4j-CI",1,"High",0,"2021-12-14","collection:ioc-source=""abuse.ch"",tlp:white,false-positive:risk=""medium"",osint:source-type=""automatic-collection""",1640437203
"d4c09ce1-7a70-43d5-992c-f10c615f05ba",4165,"Network activity","ip-dst|port","162.55.90.26|389","CVE-2021-44228 log4j rogue-ldap",1,1639754649,"","CVE-2021-44228,log4j,rogue-ldap","","","","Log4j ThreatFox IOC Feed","Log4j-CI","Log4j-CI",1,"High",0,"2021-12-14","collection:ioc-source=""abuse.ch"",tlp:white,false-positive:risk=""medium"",osint:source-type=""automatic-collection""",1640437203
"def16676-19cd-48c2-8755-2a2813e7806b",4165,"Network activity","ip-dst|port","178.79.157.186|1389","CVE-2021-44228 log4j rogue-ldap",1,1639754649,"","CVE-2021-44228,log4j,rogue-ldap","","","","Log4j ThreatFox IOC Feed","Log4j-CI","Log4j-CI",1,"High",0,"2021-12-14","collection:ioc-source=""abuse.ch"",tlp:white,false-positive:risk=""medium"",osint:source-type=""automatic-collection""",1640437203
"d59f95d1-8946-42dc-aa64-20f7196cee46",4165,"Network activity","ip-dst|port","3.85.59.114|1389","CVE-2021-44228 log4j rogue-ldap",1,1639754649,"","CVE-2021-44228,log4j,rogue-ldap","","","","Log4j ThreatFox IOC Feed","Log4j-CI","Log4j-CI",1,"High",0,"2021-12-14","collection:ioc-source=""abuse.ch"",tlp:white,false-positive:risk=""medium"",osint:source-type=""automatic-collection""",1640437203
"aa46652d-b4e4-48cc-8e31-fa0d1db3111b",4165,"Network activity","ip-dst|port","167.172.44.255|1389","CVE-2021-44228 log4j rogue-ldap",1,1639754650,"","CVE-2021-44228,log4j,rogue-ldap","","","","Log4j ThreatFox IOC Feed","Log4j-CI","Log4j-CI",1,"High",0,"2021-12-14","collection:ioc-source=""abuse.ch"",tlp:white,false-positive:risk=""medium"",osint:source-type=""automatic-collection""",1640437203
"4b970704-9c1b-4417-961e-262c5ad6f654",4165,"Network activity","ip-dst|port","185.244.158.212|9080","CVE-2021-44228 log4j rogue-ldap",1,1639754650,"","CVE-2021-44228,log4j,rogue-ldap","","","","Log4j ThreatFox IOC Feed","Log4j-CI","Log4j-CI",1,"High",0,"2021-12-14","collection:ioc-source=""abuse.ch"",tlp:white,false-positive:risk=""medium"",osint:source-type=""automatic-collection""",1640437203
"4947338e-e6a1-4c77-b8f6-9884408b2833",4165,"Network activity","ip-dst|port","80.71.158.12|5557","CVE-2021-44228 log4j rogue-ldap",1,1639754650,"","CVE-2021-44228,log4j,rogue-ldap","","","","Log4j ThreatFox IOC Feed","Log4j-CI","Log4j-CI",1,"High",0,"2021-12-14","collection:ioc-source=""abuse.ch"",tlp:white,false-positive:risk=""medium"",osint:source-type=""automatic-collection""",1640437203
"fa0f765f-0318-4dc7-b022-41002c26c3f2",4165,"Network activity","ip-dst|port","80.71.158.44|1534","CVE-2021-44228 log4j rogue-ldap",1,1639754650,"","CVE-2021-44228,log4j,rogue-ldap","","","","Log4j ThreatFox IOC Feed","Log4j-CI","Log4j-CI",1,"High",0,"2021-12-14","collection:ioc-source=""abuse.ch"",tlp:white,false-positive:risk=""medium"",osint:source-type=""automatic-collection""",1640437203
"746e634c-e27c-41ae-a2ee-6b7285135ffe",4165,"Network activity","ip-dst|port","45.155.205.233|12344","CVE-2021-44228 log4j rogue-ldap",1,1639754650,"","CVE-2021-44228,log4j,rogue-ldap","","","","Log4j ThreatFox IOC Feed","Log4j-CI","Log4j-CI",1,"High",0,"2021-12-14","collection:ioc-source=""abuse.ch"",tlp:white,false-positive:risk=""medium"",osint:source-type=""automatic-collection""",1640437203
"d81b7efc-4b25-458f-bd07-9fe51880bf40",4165,"Network activity","ip-dst|port","5.255.97.172|1389","CVE-2021-44228 log4j rogue-ldap",1,1639754650,"","CVE-2021-44228,log4j,rogue-ldap","","","","Log4j ThreatFox IOC Feed","Log4j-CI","Log4j-CI",1,"High",0,"2021-12-14","collection:ioc-source=""abuse.ch"",tlp:white,false-positive:risk=""medium"",osint:source-type=""automatic-collection""",1640437203
"19f38d52-ab7e-4f7f-8a6b-432936c2e629",4165,"Network activity","ip-dst|port","45.155.205.233|1389","CVE-2021-44228 log4j rogue-ldap",1,1639754650,"","CVE-2021-44228,log4j,rogue-ldap","","","","Log4j ThreatFox IOC Feed","Log4j-CI","Log4j-CI",1,"High",0,"2021-12-14","collection:ioc-source=""abuse.ch"",tlp:white,false-positive:risk=""medium"",osint:source-type=""automatic-collection""",1640437203
"8ada4c0e-d5e3-440e-a609-6d94427888d6",4165,"Network activity","ip-dst|port","141.105.65.94|9999","CVE-2021-44228 log4j rogue-ldap",1,1639754650,"","CVE-2021-44228,log4j,rogue-ldap","","","","Log4j ThreatFox IOC Feed","Log4j-CI","Log4j-CI",1,"High",0,"2021-12-14","collection:ioc-source=""abuse.ch"",tlp:white,false-positive:risk=""medium"",osint:source-type=""automatic-collection""",1640437203
"40b6cf77-625f-43ed-a487-760733230cb3",4165,"Network activity","ip-dst|port","134.209.163.248|80","CVE-2021-44228 log4j rogue-ldap",1,1639754650,"","CVE-2021-44228,log4j,rogue-ldap","","","","Log4j ThreatFox IOC Feed","Log4j-CI","Log4j-CI",1,"High",0,"2021-12-14","collection:ioc-source=""abuse.ch"",tlp:white,false-positive:risk=""medium"",osint:source-type=""automatic-collection""",1640437203
"78296c61-5dcd-4151-b0ec-8d0a8db256e7",4165,"Network activity","ip-dst|port","78.31.71.248|1389","CVE-2021-44228 log4j rogue-ldap",1,1639754650,"","CVE-2021-44228,log4j,rogue-ldap","","","","Log4j ThreatFox IOC Feed","Log4j-CI","Log4j-CI",1,"High",0,"2021-12-14","collection:ioc-source=""abuse.ch"",tlp:white,false-positive:risk=""medium"",osint:source-type=""automatic-collection""",1640437203
"55707e81-2c55-47c5-852f-1efefe40341f",4165,"Network activity","ip-dst|port","139.59.175.247|1099","CVE-2021-44228 log4j rogue-ldap",1,1639754650,"","CVE-2021-44228,log4j,rogue-ldap","","","","Log4j ThreatFox IOC Feed","Log4j-CI","Log4j-CI",1,"High",0,"2021-12-14","collection:ioc-source=""abuse.ch"",tlp:white,false-positive:risk=""medium"",osint:source-type=""automatic-collection""",1640437203
"d16397aa-b2e3-439c-9ca4-1f2827d60db8",4165,"Network activity","ip-dst|port","62.182.158.156|1389","CVE-2021-44228 log4j rogue-ldap",1,1639754650,"","CVE-2021-44228,log4j,rogue-ldap","","","","Log4j ThreatFox IOC Feed","Log4j-CI","Log4j-CI",1,"High",0,"2021-12-14","collection:ioc-source=""abuse.ch"",tlp:white,false-positive:risk=""medium"",osint:source-type=""automatic-collection""",1640437203
"c838b8a2-b12a-4ad1-979b-2bdbf13e1c3c",4165,"Network activity","ip-dst|port","134.209.163.248|389","CVE-2021-44228 log4j rogue-ldap",1,1639754650,"","CVE-2021-44228,log4j,rogue-ldap","","","","Log4j ThreatFox IOC Feed","Log4j-CI","Log4j-CI",1,"High",0,"2021-12-14","collection:ioc-source=""abuse.ch"",tlp:white,false-positive:risk=""medium"",osint:source-type=""automatic-collection""",1640437203
"3039d7d4-8815-4913-b346-2d15fbbee6d6",4165,"Network activity","ip-dst|port","45.146.164.160|1389","log4j",1,1639754650,"","log4j","","","","Log4j ThreatFox IOC Feed","Log4j-CI","Log4j-CI",1,"High",0,"2021-12-14","collection:ioc-source=""abuse.ch"",tlp:white,false-positive:risk=""medium"",osint:source-type=""automatic-collection""",1640437203
"36b30439-287c-4482-992d-b6d47f2727d2",4165,"Network activity","ip-dst|port","139.162.20.98|1389","CVE-2021-44228 log4j rogue-ldap",1,1639754650,"","CVE-2021-44228,log4j,rogue-ldap","","","","Log4j ThreatFox IOC Feed","Log4j-CI","Log4j-CI",1,"High",0,"2021-12-14","collection:ioc-source=""abuse.ch"",tlp:white,false-positive:risk=""medium"",osint:source-type=""automatic-collection""",1640437203
"fc3ac1e7-2e29-48a2-b09f-1846899c08da",4165,"Network activity","ip-dst|port","167.172.44.255|389","CVE-2021-44228 log4j rogue-ldap",1,1639754650,"","CVE-2021-44228,log4j,rogue-ldap","","","","Log4j ThreatFox IOC Feed","Log4j-CI","Log4j-CI",1,"High",0,"2021-12-14","collection:ioc-source=""abuse.ch"",tlp:white,false-positive:risk=""medium"",osint:source-type=""automatic-collection""",1640437203
"a0b43725-969f-4bd8-94dc-99f0032c9c0f",4165,"Network activity","domain","agent.apacheorg.xyz","log4j",1,1639754650,"","log4j","","","","Log4j ThreatFox IOC Feed","Log4j-CI","Log4j-CI",1,"High",0,"2021-12-14","collection:ioc-source=""abuse.ch"",tlp:white,false-positive:risk=""medium"",osint:source-type=""automatic-collection""",1640437203
"f4cb0e01-1f6d-4406-9118-c7be6bc48587",4165,"Network activity","domain","apacheorg.xyz","log4j",1,1639754650,"","log4j","","","","Log4j ThreatFox IOC Feed","Log4j-CI","Log4j-CI",1,"High",0,"2021-12-14","collection:ioc-source=""abuse.ch"",tlp:white,false-positive:risk=""medium"",osint:source-type=""automatic-collection""",1640437203
"04d281b4-5f31-4d7b-8ccb-0cb81cb65bfd",4165,"Network activity","ip-dst|port","154.82.110.5|25009","BillGates Elknot log4j",1,1639754650,"","BillGates,Elknot,log4j","","","","Log4j ThreatFox IOC Feed","Log4j-CI","Log4j-CI",1,"High",0,"2021-12-14","collection:ioc-source=""abuse.ch"",tlp:white,false-positive:risk=""medium"",osint:source-type=""automatic-collection""",1640437203
"a3fea73d-364b-446f-b747-286cc2faf441",4165,"Network activity","domain","300gsyn.it","BillGates Elknot log4j",1,1639754650,"","BillGates,Elknot,log4j","","","","Log4j ThreatFox IOC Feed","Log4j-CI","Log4j-CI",1,"High",0,"2021-12-14","collection:ioc-source=""abuse.ch"",tlp:white,false-positive:risk=""medium"",osint:source-type=""automatic-collection""",1640437203
"9107a2df-5036-48e3-ab92-cd4e9c1191df",4165,"Network activity","domain","apacheorg.top","log4j",1,1639754650,"","log4j","","","","Log4j ThreatFox IOC Feed","Log4j-CI","Log4j-CI",1,"High",0,"2021-12-14","collection:ioc-source=""abuse.ch"",tlp:white,false-positive:risk=""medium"",osint:source-type=""automatic-collection""",1640437203
"b7a5fe0f-51e5-49a7-a540-dffa67a94a58",4165,"Network activity","domain","agent.apacheorg.top","log4j",1,1639754650,"","log4j","","","","Log4j ThreatFox IOC Feed","Log4j-CI","Log4j-CI",1,"High",0,"2021-12-14","collection:ioc-source=""abuse.ch"",tlp:white,false-positive:risk=""medium"",osint:source-type=""automatic-collection""",1640437203
"e1ea5a42-f610-42a6-8363-0f7579857e46",4165,"Network activity","ip-dst|port","205.185.113.59|1234","log4j",1,1639754650,"","log4j","","","","Log4j ThreatFox IOC Feed","Log4j-CI","Log4j-CI",1,"High",0,"2021-12-14","collection:ioc-source=""abuse.ch"",tlp:white,false-positive:risk=""medium"",osint:source-type=""automatic-collection""",1640437203
"65f10bf4-a48c-4a0a-8e9c-6bbb2f861518",4165,"Network activity","ip-dst|port","155.94.154.170|80","BillGates Elknot log4j",1,1639754650,"","BillGates,Elknot,log4j","","","","Log4j ThreatFox IOC Feed","Log4j-CI","Log4j-CI",1,"High",0,"2021-12-14","collection:ioc-source=""abuse.ch"",tlp:white,false-positive:risk=""medium"",osint:source-type=""automatic-collection""",1640437203
"5edef239-e073-4293-a3ad-631515cb4515",4165,"Network activity","ip-dst|port","154.82.110.5|1234","BillGates Elknot log4j",1,1639754650,"","BillGates,Elknot,log4j","","","","Log4j ThreatFox IOC Feed","Log4j-CI","Log4j-CI",1,"High",0,"2021-12-14","collection:ioc-source=""abuse.ch"",tlp:white,false-positive:risk=""medium"",osint:source-type=""automatic-collection""",1640437203
"d72d76c5-d472-41ee-a8f6-54fa51297ae6",4165,"Network activity","ip-dst|port","66.23.227.195|1389","CVE-2021-44228 log4j rogue-ldap",1,1639754650,"","CVE-2021-44228,log4j,rogue-ldap","","","","Log4j ThreatFox IOC Feed","Log4j-CI","Log4j-CI",1,"High",0,"2021-12-14","collection:ioc-source=""abuse.ch"",tlp:white,false-positive:risk=""medium"",osint:source-type=""automatic-collection""",1640437203
"5fd1ca09-ba7e-40bd-b42a-4805dc982c75",4165,"Network activity","ip-dst|port","194.163.133.36|1389","CVE-2021-44228 log4j Muhstik",1,1639754651,"","CVE-2021-44228,log4j,Muhstik","","","","Log4j ThreatFox IOC Feed","Log4j-CI","Log4j-CI",1,"High",0,"2021-12-14","collection:ioc-source=""abuse.ch"",tlp:white,false-positive:risk=""medium"",osint:source-type=""automatic-collection""",1640437203
"cf3eb607-cae6-4d3c-b50d-b77bfc05a602",4165,"Network activity","ip-dst|port","79.172.214.11|1389","CVE-2021-44228 log4j Muhstik",1,1639754651,"","CVE-2021-44228,log4j,Muhstik","","","","Log4j ThreatFox IOC Feed","Log4j-CI","Log4j-CI",1,"High",0,"2021-12-14","collection:ioc-source=""abuse.ch"",tlp:white,false-positive:risk=""medium"",osint:source-type=""automatic-collection""",1640437203
"a9d42aed-49cc-4c78-b9d9-cf41653439a7",4165,"Network activity","ip-dst|port","67.205.191.102|1389","CVE-2021-44228 log4j rogue-ldap",1,1639754651,"","CVE-2021-44228,log4j,rogue-ldap","","","","Log4j ThreatFox IOC Feed","Log4j-CI","Log4j-CI",1,"High",0,"2021-12-14","collection:ioc-source=""abuse.ch"",tlp:white,false-positive:risk=""medium"",osint:source-type=""automatic-collection""",1640437203
"2d1d1bee-43c8-4c2b-aef5-8d3d68e71b74",4165,"Network activity","ip-dst|port","45.146.164.160|8081","CVE-2021-44228 log4j rogue-ldap",1,1639754651,"","CVE-2021-44228,log4j,rogue-ldap","","","","Log4j ThreatFox IOC Feed","Log4j-CI","Log4j-CI",1,"High",0,"2021-12-14","collection:ioc-source=""abuse.ch"",tlp:white,false-positive:risk=""medium"",osint:source-type=""automatic-collection""",1640437203
"f0cfc540-d599-4fa8-bcd8-2b597d16026d",4165,"Network activity","ip-dst|port","139.59.175.247|1389","CVE-2021-44228 log4j rogue-ldap",1,1639754651,"","CVE-2021-44228,log4j,rogue-ldap","","","","Log4j ThreatFox IOC Feed","Log4j-CI","Log4j-CI",1,"High",0,"2021-12-14","collection:ioc-source=""abuse.ch"",tlp:white,false-positive:risk=""medium"",osint:source-type=""automatic-collection""",1640437203
"292210f0-2f45-4898-b343-a598bd0ac4fb",4165,"Network activity","ip-dst|port","193.3.19.159|53","CVE-2021-44228 log4j rogue-ldap",1,1639754651,"","CVE-2021-44228,log4j,rogue-ldap","","","","Log4j ThreatFox IOC Feed","Log4j-CI","Log4j-CI",1,"High",0,"2021-12-14","collection:ioc-source=""abuse.ch"",tlp:white,false-positive:risk=""medium"",osint:source-type=""automatic-collection""",1640437203
"29dc1d42-cca1-4b7d-a3ff-e60de872a439",4165,"Network activity","ip-dst|port","81.30.157.43|1389","CVE-2021-44228 log4j rogue-ldap",1,1639754651,"","CVE-2021-44228,log4j,rogue-ldap","","","","Log4j ThreatFox IOC Feed","Log4j-CI","Log4j-CI",1,"High",0,"2021-12-14","collection:ioc-source=""abuse.ch"",tlp:white,false-positive:risk=""medium"",osint:source-type=""automatic-collection""",1640437203
"e68c2d91-46ef-4abc-92a7-a31d4946c1d7",4165,"Network activity","ip-dst|port","195.54.160.149|12344","CVE-2021-44228 log4j rogue-ldap",1,1639754651,"","CVE-2021-44228,log4j,rogue-ldap","","","","Log4j ThreatFox IOC Feed","Log4j-CI","Log4j-CI",1,"High",0,"2021-12-14","collection:ioc-source=""abuse.ch"",tlp:white,false-positive:risk=""medium"",osint:source-type=""automatic-collection""",1640437203
"1ca0c1b6-adb7-41a9-8511-792355cab6d0",4165,"Network activity","ip-dst|port","185.250.148.157|1389","CVE-2021-44228 log4j rogue-ldap",1,1639754651,"","CVE-2021-44228,log4j,rogue-ldap","","","","Log4j ThreatFox IOC Feed","Log4j-CI","Log4j-CI",1,"High",0,"2021-12-14","collection:ioc-source=""abuse.ch"",tlp:white,false-positive:risk=""medium"",osint:source-type=""automatic-collection""",1640437203
"866f9321-2431-4cc9-a372-ae7dc2dee59f",4165,"Network activity","ip-dst|port","45.83.193.150|1389","CVE-2021-44228 log4j rogue-ldap",1,1639754651,"","CVE-2021-44228,log4j,rogue-ldap","","","","Log4j ThreatFox IOC Feed","Log4j-CI","Log4j-CI",1,"High",0,"2021-12-14","collection:ioc-source=""abuse.ch"",tlp:white,false-positive:risk=""medium"",osint:source-type=""automatic-collection""",1640437203
"d53493af-ddbd-4cc1-88e4-6a94ba524eb6",4165,"Network activity","ip-dst|port","163.172.157.143|1389","CVE-2021-44228 log4j rogue-ldap",1,1639754651,"","CVE-2021-44228,log4j,rogue-ldap","","","","Log4j ThreatFox IOC Feed","Log4j-CI","Log4j-CI",1,"High",0,"2021-12-14","collection:ioc-source=""abuse.ch"",tlp:white,false-positive:risk=""medium"",osint:source-type=""automatic-collection""",1640437203
"1cb11b04-d4bd-4e31-a5d3-1231e52f4fa3",4165,"Network activity","ip-dst|port","205.185.115.217|47324","CVE-2021-44228 log4j rogue-ldap",1,1639754651,"","CVE-2021-44228,log4j,rogue-ldap","","","","Log4j ThreatFox IOC Feed","Log4j-CI","Log4j-CI",1,"High",0,"2021-12-14","collection:ioc-source=""abuse.ch"",tlp:white,false-positive:risk=""medium"",osint:source-type=""automatic-collection""",1640437203
"3e9b1efd-7a2e-4696-9903-e87b8129f913",4165,"Network activity","ip-dst|port","92.242.40.21|5557","CVE-2021-44228 log4j rogue-ldap",1,1639754651,"","CVE-2021-44228,log4j,rogue-ldap","","","","Log4j ThreatFox IOC Feed","Log4j-CI","Log4j-CI",1,"High",0,"2021-12-14","collection:ioc-source=""abuse.ch"",tlp:white,false-positive:risk=""medium"",osint:source-type=""automatic-collection""",1640437203
"312cf7b0-0f2f-4975-b916-02fde905e1c6",4165,"Network activity","ip-dst|port","45.130.229.168|1389","CVE-2021-44228 log4j rogue-ldap",1,1639754651,"","CVE-2021-44228,log4j,rogue-ldap","","","","Log4j ThreatFox IOC Feed","Log4j-CI","Log4j-CI",1,"High",0,"2021-12-14","collection:ioc-source=""abuse.ch"",tlp:white,false-positive:risk=""medium"",osint:source-type=""automatic-collection""",1640437203
"db0bd4b4-f706-4dab-846b-5b0dca3ae531",4165,"Network activity","url","http://93.189.42.8/lh.sh","kinsing log4j",1,1639754651,"","kinsing,log4j","","","","Log4j ThreatFox IOC Feed","Log4j-CI","Log4j-CI",1,"High",0,"2021-12-14","collection:ioc-source=""abuse.ch"",tlp:white,false-positive:risk=""medium"",osint:source-type=""automatic-collection""",1640437203
"a1ba0a83-6104-415e-9349-7ae4e55a1604",4165,"Network activity","ip-dst|port","194.59.165.21|8080","log4j Muhstik Tsunami",1,1639754651,"","log4j,Muhstik,Tsunami","","","","Log4j ThreatFox IOC Feed","Log4j-CI","Log4j-CI",1,"High",0,"2021-12-14","collection:ioc-source=""abuse.ch"",tlp:white,false-positive:risk=""medium"",osint:source-type=""automatic-collection""",1640437203
"03b82261-cd4c-4022-923a-b0e34af00e6e",4165,"Network activity","ip-dst|port","195.133.40.15|25565","log4j Mirai",1,1639754651,"","log4j,mirai","","","","Log4j ThreatFox IOC Feed","Log4j-CI","Log4j-CI",1,"High",0,"2021-12-14","collection:ioc-source=""abuse.ch"",tlp:white,false-positive:risk=""medium"",osint:source-type=""automatic-collection""",1640437203
"cff33a46-4de4-4442-8928-52cd1c776249",4165,"Network activity","domain","nazi.uy","log4j Mirai",1,1639754651,"","log4j,mirai","","","","Log4j ThreatFox IOC Feed","Log4j-CI","Log4j-CI",1,"High",0,"2021-12-14","collection:ioc-source=""abuse.ch"",tlp:white,false-positive:risk=""medium"",osint:source-type=""automatic-collection""",1640437203
"1f1c4bcc-613e-4049-b146-bf3c920d5fed",4165,"Network activity","ip-dst|port","185.154.53.140|80","kinsing log4j",1,1639754651,"","kinsing,log4j","","","","Log4j ThreatFox IOC Feed","Log4j-CI","Log4j-CI",1,"High",0,"2021-12-14","collection:ioc-source=""abuse.ch"",tlp:white,false-positive:risk=""medium"",osint:source-type=""automatic-collection""",1640437203
"21fbaacd-c74d-4ae2-9edc-69abcb6eb95c",4165,"Network activity","url","http://185.154.53.140/mg","kinsing log4j",1,1639754651,"","kinsing,log4j","","","","Log4j ThreatFox IOC Feed","Log4j-CI","Log4j-CI",1,"High",0,"2021-12-14","collection:ioc-source=""abuse.ch"",tlp:white,false-positive:risk=""medium"",osint:source-type=""automatic-collection""",1640437203
"7919133a-946f-4aa7-b694-464ebb706edd",4165,"Network activity","url","http://185.154.53.140/o","kinsing log4j",1,1639754651,"","kinsing,log4j","","","","Log4j ThreatFox IOC Feed","Log4j-CI","Log4j-CI",1,"High",0,"2021-12-14","collection:ioc-source=""abuse.ch"",tlp:white,false-positive:risk=""medium"",osint:source-type=""automatic-collection""",1640437203
"96f0f816-7394-4cfe-8dfc-e1362bc6306a",4165,"Network activity","url","http://185.154.53.140/s","kinsing log4j",1,1639754651,"","kinsing,log4j","","","","Log4j ThreatFox IOC Feed","Log4j-CI","Log4j-CI",1,"High",0,"2021-12-14","collection:ioc-source=""abuse.ch"",tlp:white,false-positive:risk=""medium"",osint:source-type=""automatic-collection""",1640437203
"eb6768b5-c5c9-46e3-a1e8-b225d4a4edd3",4165,"Network activity","url","http://185.154.53.140/get","kinsing log4j",1,1639754651,"","kinsing,log4j","","","","Log4j ThreatFox IOC Feed","Log4j-CI","Log4j-CI",1,"High",0,"2021-12-14","collection:ioc-source=""abuse.ch"",tlp:white,false-positive:risk=""medium"",osint:source-type=""automatic-collection""",1640437203
"0c2cdc48-a9fe-42e2-a25b-7245f26f9e52",4165,"Network activity","url","http://185.154.53.140/ms","kinsing log4j",1,1639754651,"","kinsing,log4j","","","","Log4j ThreatFox IOC Feed","Log4j-CI","Log4j-CI",1,"High",0,"2021-12-14","collection:ioc-source=""abuse.ch"",tlp:white,false-positive:risk=""medium"",osint:source-type=""automatic-collection""",1640437203
"3c77d049-9e3b-4897-95e5-718a2a4e991d",4165,"Network activity","domain","log.exposedbotnets.ru","log4j Mirai",1,1639754651,"","log4j,mirai","","","","Log4j ThreatFox IOC Feed","Log4j-CI","Log4j-CI",1,"High",0,"2021-12-14","collection:ioc-source=""abuse.ch"",tlp:white,false-positive:risk=""medium"",osint:source-type=""automatic-collection""",1640437203
"a7d2904b-9305-451e-a38a-c9bfbd97cf4f",4165,"Network activity","ip-dst|port","2.57.121.36|1402","CVE-2021-44228 log4j rogue-ldap",1,1639818002,"","CVE-2021-44228,log4j,rogue-ldap","","","","Log4j ThreatFox IOC Feed","Log4j-CI","Log4j-CI",1,"High",0,"2021-12-14","collection:ioc-source=""abuse.ch"",tlp:white,false-positive:risk=""medium"",osint:source-type=""automatic-collection""",1640437203
"e7bf7b7a-d3eb-424a-8d55-e80fa210cb52",4165,"Network activity","ip-dst|port","137.184.174.180|8082","CVE-2021-44228 exploit log4j",1,1639818002,"","CVE-2021-44228,exploit,log4j","","","","Log4j ThreatFox IOC Feed","Log4j-CI","Log4j-CI",1,"High",0,"2021-12-14","collection:ioc-source=""abuse.ch"",tlp:white,false-positive:risk=""medium"",osint:source-type=""automatic-collection""",1640437203
"29972f95-fc18-4211-8853-34a77625d57e",4165,"Network activity","url","http://68.183.165.105/.l/log","CoinMiner CVE-2021-44228 log4j",1,1639818003,"","CoinMiner,CVE-2021-44228,log4j","","","","Log4j ThreatFox IOC Feed","Log4j-CI","Log4j-CI",1,"High",0,"2021-12-14","collection:ioc-source=""abuse.ch"",tlp:white,false-positive:risk=""medium"",osint:source-type=""automatic-collection""",1640437203
"0c22a47e-56a2-4a25-ad6c-27115a5c82b9",4165,"Network activity","url","http://150.60.139.51/wp-content/themes/twentyseventeen/s.cmd","CoinMiner CVE-2021-44228 log4j xmrig",1,1639818003,"","CoinMiner,CVE-2021-44228,log4j,XMRIG","","","","Log4j ThreatFox IOC Feed","Log4j-CI","Log4j-CI",1,"High",0,"2021-12-14","collection:ioc-source=""abuse.ch"",tlp:white,false-positive:risk=""medium"",osint:source-type=""automatic-collection""",1640437203
"8718b4ec-2c38-489b-95f8-75521166f88a",4165,"Network activity","url","http://68.183.165.105/wp-content/themes/twentyseventeen/xmrig64.exe","CoinMiner CVE-2021-44228 log4j xmrig",1,1639818003,"","CoinMiner,CVE-2021-44228,log4j,XMRIG","","","","Log4j ThreatFox IOC Feed","Log4j-CI","Log4j-CI",1,"High",0,"2021-12-14","collection:ioc-source=""abuse.ch"",tlp:white,false-positive:risk=""medium"",osint:source-type=""automatic-collection""",1640437203
"895b7150-a11a-44d0-97a4-ceae6ae4eba8",4165,"Network activity","ip-dst|port","185.202.113.81|13908","CVE-2021-44228 log4j rogue-ldap",1,1639828802,"","CVE-2021-44228,log4j,rogue-ldap","","","","Log4j ThreatFox IOC Feed","Log4j-CI","Log4j-CI",1,"High",0,"2021-12-14","collection:ioc-source=""abuse.ch"",tlp:white,false-positive:risk=""medium"",osint:source-type=""automatic-collection""",1640437203
"f881df68-9d59-4ec6-b261-63db4b302c4c",4165,"Network activity","ip-dst|port","160.153.245.122|1234","CVE-2021-44228 log4j rogue-ldap",1,1639828802,"","CVE-2021-44228,log4j,rogue-ldap","","","","Log4j ThreatFox IOC Feed","Log4j-CI","Log4j-CI",1,"High",0,"2021-12-14","collection:ioc-source=""abuse.ch"",tlp:white,false-positive:risk=""medium"",osint:source-type=""automatic-collection""",1640437203
"39c74d9a-efe6-4d26-9be4-833faabb2979",4165,"Network activity","ip-dst|port","121.170.193.209|1389","CVE-2021-44228 log4j rogue-ldap",1,1639854002,"","CVE-2021-44228,log4j,rogue-ldap","","","","Log4j ThreatFox IOC Feed","Log4j-CI","Log4j-CI",1,"High",0,"2021-12-14","collection:ioc-source=""abuse.ch"",tlp:white,false-positive:risk=""medium"",osint:source-type=""automatic-collection""",1640437203
"317d9943-6147-467f-b09d-d6f51cd7ebbc",4165,"Network activity","ip-dst|port","139.180.189.50|1389","CVE-2021-44228 log4j",1,1639872011,"","CVE-2021-44228,log4j","","","","Log4j ThreatFox IOC Feed","Log4j-CI","Log4j-CI",1,"High",0,"2021-12-14","collection:ioc-source=""abuse.ch"",tlp:white,false-positive:risk=""medium"",osint:source-type=""automatic-collection""",1640437203
"1069b6ed-aea0-4942-8ea6-c4d8ec751277",4165,"Network activity","ip-dst|port","5.101.118.127|1389","CVE-2021-44228 log4j Muhstik rogue-ldap Tsunami",1,1639900802,"","CVE-2021-44228,log4j,Muhstik,rogue-ldap,Tsunami","","","","Log4j ThreatFox IOC Feed","Log4j-CI","Log4j-CI",1,"High",0,"2021-12-14","collection:ioc-source=""abuse.ch"",tlp:white,false-positive:risk=""medium"",osint:source-type=""automatic-collection""",1640437203
"95d5ae5e-d86b-4934-99d9-8fac7ccc3eab",4165,"Network activity","ip-dst|port","149.28.240.17|443","CVE-2021-44228 log4j rogue-ldap",1,1639900803,"","CVE-2021-44228,log4j,rogue-ldap","","","","Log4j ThreatFox IOC Feed","Log4j-CI","Log4j-CI",1,"High",0,"2021-12-14","collection:ioc-source=""abuse.ch"",tlp:white,false-positive:risk=""medium"",osint:source-type=""automatic-collection""",1640437203
"d56a45ad-a61b-41f3-8e48-bad57c38883d",4165,"Network activity","domain","i.shadow-mods.net","CVE-2021-44228 log4j Muhstik Tsunami",1,1639900803,"","CVE-2021-44228,log4j,Muhstik,Tsunami","","","","Log4j ThreatFox IOC Feed","Log4j-CI","Log4j-CI",1,"High",0,"2021-12-14","collection:ioc-source=""abuse.ch"",tlp:white,false-positive:risk=""medium"",osint:source-type=""automatic-collection""",1640437203
"4e6a907b-d050-4b80-ae37-3d65fc617d85",4165,"Network activity","domain","i.l33t-ppl.info","CVE-2021-44228 log4j Muhstik Tsunami",1,1639900803,"","CVE-2021-44228,log4j,Muhstik,Tsunami","","","","Log4j ThreatFox IOC Feed","Log4j-CI","Log4j-CI",1,"High",0,"2021-12-14","collection:ioc-source=""abuse.ch"",tlp:white,false-positive:risk=""medium"",osint:source-type=""automatic-collection""",1640437203
"017c5503-d262-416b-b0b5-96999931cc9c",4165,"Network activity","ip-dst|port","185.61.149.22|8080","CVE-2021-44228 log4j Muhstik Tsunami",1,1639900803,"","CVE-2021-44228,log4j,Muhstik,Tsunami","","","","Log4j ThreatFox IOC Feed","Log4j-CI","Log4j-CI",1,"High",0,"2021-12-14","collection:ioc-source=""abuse.ch"",tlp:white,false-positive:risk=""medium"",osint:source-type=""automatic-collection""",1640437203
"c917c0b8-5007-4917-9768-10676431bf4f",4165,"Network activity","ip-dst|port","179.43.175.101|1389","CVE-2021-44228 log4j Mirai rogue-ldap",1,1639904403,"","CVE-2021-44228,log4j,mirai,rogue-ldap","","","","Log4j ThreatFox IOC Feed","Log4j-CI","Log4j-CI",1,"High",0,"2021-12-14","collection:ioc-source=""abuse.ch"",tlp:white,false-positive:risk=""medium"",osint:source-type=""automatic-collection""",1640437203
"693f9db7-0c9f-4a1a-8efd-639a3948fd22",4165,"Network activity","ip-dst|port","209.141.61.220|5555","CVE-2021-44228 log4j Mirai",1,1639918803,"","CVE-2021-44228,log4j,mirai","","","","Log4j ThreatFox IOC Feed","Log4j-CI","Log4j-CI",1,"High",0,"2021-12-14","collection:ioc-source=""abuse.ch"",tlp:white,false-positive:risk=""medium"",osint:source-type=""automatic-collection""",1640437203
"3aad06da-18c0-42c0-b6d3-fa347fc65e25",4165,"Network activity","ip-dst|port","77.88.196.86|8085","CVE-2021-44228 log4j rogue-ldap",1,1639940403,"","CVE-2021-44228,log4j,rogue-ldap","","","","Log4j ThreatFox IOC Feed","Log4j-CI","Log4j-CI",1,"High",0,"2021-12-14","collection:ioc-source=""abuse.ch"",tlp:white,false-positive:risk=""medium"",osint:source-type=""automatic-collection""",1640437203
"2bdd6c8c-7607-4bbd-8057-3b5b25936715",4165,"Network activity","url","http://195.54.160.149:9999/ExploitWeWHgyhfpa.class","log4j",1,1639962002,"","log4j","","","","Log4j ThreatFox IOC Feed","Log4j-CI","Log4j-CI",1,"High",0,"2021-12-14","collection:ioc-source=""abuse.ch"",tlp:white,false-positive:risk=""medium"",osint:source-type=""automatic-collection""",1640437203
"a5903438-83f3-46ac-a46a-130a799ac0ff",4165,"Network activity","ip-dst|port","2.57.121.36|8000","CVE-2021-44228 log4j rogue-ldap",1,1639987203,"","CVE-2021-44228,log4j,rogue-ldap","","","","Log4j ThreatFox IOC Feed","Log4j-CI","Log4j-CI",1,"High",0,"2021-12-14","collection:ioc-source=""abuse.ch"",tlp:white,false-positive:risk=""medium"",osint:source-type=""automatic-collection""",1640437203
"fec01e41-e795-40dd-9f02-0591c50a2523",4165,"Network activity","ip-dst|port","185.246.87.50|1389","CVE-2021-44228 log4j Muhstik rogue-ldap",1,1639998003,"","CVE-2021-44228,log4j,Muhstik,rogue-ldap","","","","Log4j ThreatFox IOC Feed","Log4j-CI","Log4j-CI",1,"High",0,"2021-12-14","collection:ioc-source=""abuse.ch"",tlp:white,false-positive:risk=""medium"",osint:source-type=""automatic-collection""",1640437203
"240b5e1a-112b-439e-a3b9-f55bdc1cb6e2",4165,"Network activity","ip-dst|port","195.54.160.149|5874","CVE-2021-44228 log4j rogue-ldap",1,1640001602,"","CVE-2021-44228,log4j,rogue-ldap","","","","Log4j ThreatFox IOC Feed","Log4j-CI","Log4j-CI",1,"High",0,"2021-12-14","collection:ioc-source=""abuse.ch"",tlp:white,false-positive:risk=""medium"",osint:source-type=""automatic-collection""",1640437203
"0b7a9db3-dda7-4f0e-afc4-e021286b6a2d",4165,"Network activity","ip-dst|port","135.148.132.224|1389","CVE-2021-44228 log4j rogue-ldap",1,1640001602,"","CVE-2021-44228,log4j,rogue-ldap","","","","Log4j ThreatFox IOC Feed","Log4j-CI","Log4j-CI",1,"High",0,"2021-12-14","collection:ioc-source=""abuse.ch"",tlp:white,false-positive:risk=""medium"",osint:source-type=""automatic-collection""",1640437203
"46860666-5186-4ae2-9500-cc0e1a02562e",4165,"Network activity","ip-dst|port","188.166.57.35|1389","CVE-2021-44228 log4j Meterpreter rogue-rmi",1,1640012402,"","CVE-2021-44228,log4j,Meterpreter,rogue-rmi","","","","Log4j ThreatFox IOC Feed","Log4j-CI","Log4j-CI",1,"High",0,"2021-12-14","collection:ioc-source=""abuse.ch"",tlp:white,false-positive:risk=""medium"",osint:source-type=""automatic-collection""",1640437203
"9e02f48a-9ad8-4492-8edb-2220940a5422",4165,"Network activity","ip-dst|port","49.0.248.230|2017","AESDDoS CVE-2021-44228 Dofloo log4j",1,1640012402,"","AESDDoS,CVE-2021-44228,Dofloo,log4j","","","","Log4j ThreatFox IOC Feed","Log4j-CI","Log4j-CI",1,"High",0,"2021-12-14","collection:ioc-source=""abuse.ch"",tlp:white,false-positive:risk=""medium"",osint:source-type=""automatic-collection""",1640437203
"7962acdc-d8b6-4e1c-933d-189b6bc4547f",4165,"Network activity","ip-dst|port","182.16.44.234|1389","CVE-2021-44228 log4j rogue-ldap",1,1640073602,"","CVE-2021-44228,log4j,rogue-ldap","","","","Log4j ThreatFox IOC Feed","Log4j-CI","Log4j-CI",1,"High",0,"2021-12-14","collection:ioc-source=""abuse.ch"",tlp:white,false-positive:risk=""medium"",osint:source-type=""automatic-collection""",1640437203
"e8c35c78-26c0-40d8-8b1f-ce78e31e2001",4165,"Network activity","ip-dst|port","142.44.203.85|1389","CoinMiner CVE-2021-44228 log4j rogue-ldap",1,1640073602,"","CoinMiner,CVE-2021-44228,log4j,rogue-ldap","","","","Log4j ThreatFox IOC Feed","Log4j-CI","Log4j-CI",1,"High",0,"2021-12-14","collection:ioc-source=""abuse.ch"",tlp:white,false-positive:risk=""medium"",osint:source-type=""automatic-collection""",1640437203
"69ebed30-68c9-4a7d-ad4a-e20aa96e71b8",4165,"Network activity","ip-dst|port","103.195.6.140|1389","CVE-2021-44228 log4j rogue-ldap",1,1640077202,"","CVE-2021-44228,log4j,rogue-ldap","","","","Log4j ThreatFox IOC Feed","Log4j-CI","Log4j-CI",1,"High",0,"2021-12-14","collection:ioc-source=""abuse.ch"",tlp:white,false-positive:risk=""medium"",osint:source-type=""automatic-collection""",1640437203
"d0b56ee3-17e1-4632-92f9-87d9ef47ddc2",4165,"Network activity","ip-dst|port","135.148.130.60|1389","CVE-2021-44228 log4j log4shell rogue-ldap",1,1640091604,"","CVE-2021-44228,log4j,Log4shell,rogue-ldap","","","","Log4j ThreatFox IOC Feed","Log4j-CI","Log4j-CI",1,"High",0,"2021-12-14","collection:ioc-source=""abuse.ch"",tlp:white,false-positive:risk=""medium"",osint:source-type=""automatic-collection""",1640437203
"63e76329-3049-414e-b6c1-2e137080b140",4165,"Network activity","url","http://68.183.165.105:80/wp-content/themes/twentyseventeen/xmrig64.exe","CVE-2021-44228 java log4j log4shell powershell xmrig",1,1640127603,"","CVE-2021-44228,java,log4j,Log4shell,powershell,XMRIG","","","","Log4j ThreatFox IOC Feed","Log4j-CI","Log4j-CI",1,"High",0,"2021-12-14","collection:ioc-source=""abuse.ch"",tlp:white,false-positive:risk=""medium"",osint:source-type=""automatic-collection""",1640437203
"cda3270d-c4dd-4496-8c83-9ee48c69dec6",4165,"Network activity","url","http://159.89.182.117/wp-content/themes/twentyseventeen/ldm","CVE-2021-44228 java log4j log4shell Mirai powershell xmrig",1,1640127603,"","CVE-2021-44228,java,log4j,Log4shell,mirai,powershell,XMRIG","","","","Log4j ThreatFox IOC Feed","Log4j-CI","Log4j-CI",1,"High",0,"2021-12-14","collection:ioc-source=""abuse.ch"",tlp:white,false-positive:risk=""medium"",osint:source-type=""automatic-collection""",1640437203
"d04d5113-6ccb-49a1-8430-42925be95a77",4165,"Network activity","url","http://51.250.28.5/.l/pty4","CVE-2021-44228 java log4j log4shell Mirai powershell xmrig",1,1640127603,"","CVE-2021-44228,java,log4j,Log4shell,mirai,powershell,XMRIG","","","","Log4j ThreatFox IOC Feed","Log4j-CI","Log4j-CI",1,"High",0,"2021-12-14","collection:ioc-source=""abuse.ch"",tlp:white,false-positive:risk=""medium"",osint:source-type=""automatic-collection""",1640437203
"9be979cf-a7ab-4c6c-a65d-f3ac4168fe79",4165,"Network activity","url","http://51.250.28.5/.l/pty3","CVE-2021-44228 java log4j log4shell Mirai powershell xmrig",1,1640127603,"","CVE-2021-44228,java,log4j,Log4shell,mirai,powershell,XMRIG","","","","Log4j ThreatFox IOC Feed","Log4j-CI","Log4j-CI",1,"High",0,"2021-12-14","collection:ioc-source=""abuse.ch"",tlp:white,false-positive:risk=""medium"",osint:source-type=""automatic-collection""",1640437203
"f501e17e-5ed9-48d6-b54d-1ee37508c528",4165,"Network activity","url","http://150.60.139.51:80/wp-content/themes/twentyseventeen/s.cmd","CVE-2021-44228 java log4j log4shell Mirai powershell xmrig",1,1640127603,"","CVE-2021-44228,java,log4j,Log4shell,mirai,powershell,XMRIG","","","","Log4j ThreatFox IOC Feed","Log4j-CI","Log4j-CI",1,"High",0,"2021-12-14","collection:ioc-source=""abuse.ch"",tlp:white,false-positive:risk=""medium"",osint:source-type=""automatic-collection""",1640437203
"fa326b5c-5c04-4fb2-a1a7-57329838db76",4165,"Network activity","url","http://51.250.28.5/.l/log","CVE-2021-44228 java log4j log4shell Mirai powershell xmrig",1,1640127603,"","CVE-2021-44228,java,log4j,Log4shell,mirai,powershell,XMRIG","","","","Log4j ThreatFox IOC Feed","Log4j-CI","Log4j-CI",1,"High",0,"2021-12-14","collection:ioc-source=""abuse.ch"",tlp:white,false-positive:risk=""medium"",osint:source-type=""automatic-collection""",1640437203
"0ecee6f3-8bd0-4b28-bea4-c9536e5693d5",4165,"Network activity","ip-dst|port","167.71.13.196|443","log4j",1,1640156402,"","log4j","","","","Log4j ThreatFox IOC Feed","Log4j-CI","Log4j-CI",1,"High",0,"2021-12-14","collection:ioc-source=""abuse.ch"",tlp:white,false-positive:risk=""medium"",osint:source-type=""automatic-collection""",1640437203
"2dc42e2d-7485-4047-9443-4ca34274eed4",4165,"Network activity","ip-dst|port","51.79.74.227|1389","CVE-2021-44228 log4j Meterpreter rogue-ldap",1,1640160003,"","CVE-2021-44228,log4j,Meterpreter,rogue-ldap","","","","Log4j ThreatFox IOC Feed","Log4j-CI","Log4j-CI",1,"High",0,"2021-12-14","collection:ioc-source=""abuse.ch"",tlp:white,false-positive:risk=""medium"",osint:source-type=""automatic-collection""",1640437203
"d53f9708-121c-4670-9db0-e060ca05a7b0",4165,"Network activity","ip-dst|port","144.202.34.169|1389","CVE-2021-44228 log4j Meterpreter rogue-ldap",1,1640160003,"","CVE-2021-44228,log4j,Meterpreter,rogue-ldap","","","","Log4j ThreatFox IOC Feed","Log4j-CI","Log4j-CI",1,"High",0,"2021-12-14","collection:ioc-source=""abuse.ch"",tlp:white,false-positive:risk=""medium"",osint:source-type=""automatic-collection""",1640437203
"a68a6ec7-9f86-472b-8d86-e75f6fc2572b",4165,"Network activity","ip-dst|port","192.46.216.224|1389","CVE-2021-44228 elf4j log4j Muhstik rogue-ldap Tsunami",1,1640160003,"","CVE-2021-44228,elf4j,log4j,Muhstik,rogue-ldap,Tsunami","","","","Log4j ThreatFox IOC Feed","Log4j-CI","Log4j-CI",1,"High",0,"2021-12-14","collection:ioc-source=""abuse.ch"",tlp:white,false-positive:risk=""medium"",osint:source-type=""automatic-collection""",1640437203
"c20499a6-0cca-42be-b7bf-26203ecccd7f",4165,"Network activity","ip-dst|port","144.172.71.180|8080","CVE-2021-44228 log4j Muhstik Tsunami",1,1640160004,"","CVE-2021-44228,log4j,Muhstik,Tsunami","","","","Log4j ThreatFox IOC Feed","Log4j-CI","Log4j-CI",1,"High",0,"2021-12-14","collection:ioc-source=""abuse.ch"",tlp:white,false-positive:risk=""medium"",osint:source-type=""automatic-collection""",1640437203
"3ad4ecc1-ecc8-472a-8856-b866cfb07b95",4165,"Network activity","ip-dst|port","167.99.115.242|1389","CVE-2021-44228 log4j rogue-ldap",1,1640163603,"","CVE-2021-44228,log4j,rogue-ldap","","","","Log4j ThreatFox IOC Feed","Log4j-CI","Log4j-CI",1,"High",0,"2021-12-14","collection:ioc-source=""abuse.ch"",tlp:white,false-positive:risk=""medium"",osint:source-type=""automatic-collection""",1640437203
"98e45847-29ce-4414-8a00-cd3f1470f258",4165,"Network activity","ip-dst|port","185.254.196.122|4445","CVE-2021-44228 log4j Meterpreter",1,1640163603,"","CVE-2021-44228,log4j,Meterpreter","","","","Log4j ThreatFox IOC Feed","Log4j-CI","Log4j-CI",1,"High",0,"2021-12-14","collection:ioc-source=""abuse.ch"",tlp:white,false-positive:risk=""medium"",osint:source-type=""automatic-collection""",1640437203
"cf8414a9-20e6-4338-a8bc-7e1a4e3bfa44",4165,"Network activity","ip-dst|port","142.93.172.227|1389","CVE-2021-44228 log4j rogue-ldap",1,1640178002,"","CVE-2021-44228,log4j,rogue-ldap","","","","Log4j ThreatFox IOC Feed","Log4j-CI","Log4j-CI",1,"High",0,"2021-12-14","collection:ioc-source=""abuse.ch"",tlp:white,false-positive:risk=""medium"",osint:source-type=""automatic-collection""",1640437203
"6ecd3098-74e5-4f73-880a-40d6a761e93e",4165,"Network activity","ip-dst|port","156.67.220.165|8080","CVE-2021-44228 log4j Muhstik Tsunami",1,1640257202,"","CVE-2021-44228,log4j,Muhstik,Tsunami","","","","Log4j ThreatFox IOC Feed","Log4j-CI","Log4j-CI",1,"High",0,"2021-12-14","collection:ioc-source=""abuse.ch"",tlp:white,false-positive:risk=""medium"",osint:source-type=""automatic-collection""",1640437203
"3446f908-4c08-43bc-9142-b9900c99717d",4165,"Payload delivery","sha256","9691061f778674bb4e28fb6a2d88a2fe72711ae71f3d2f4137654e1b5e91c9d2","log4j Mirai",1,1640275202,"","log4j,mirai","","","","Log4j ThreatFox IOC Feed","Log4j-CI","Log4j-CI",1,"High",0,"2021-12-14","collection:ioc-source=""abuse.ch"",tlp:white,false-positive:risk=""medium"",osint:source-type=""automatic-collection""",1640437203
"a2ec3776-4c74-483d-a41f-0d4d006a3894",4165,"Network activity","ip-dst|port","121.140.99.236|1389","log4j rogue-ldap",1,1640289603,"","log4j,rogue-ldap","","","","Log4j ThreatFox IOC Feed","Log4j-CI","Log4j-CI",1,"High",0,"2021-12-14","collection:ioc-source=""abuse.ch"",tlp:white,false-positive:risk=""medium"",osint:source-type=""automatic-collection""",1640437203
"710d1eb8-8514-4839-a95a-33be7e7e35ae",4165,"Network activity","url","http://91.200.103.249:8080","bash CVE-2021-44228 java log4j log4shell Mirai",1,1640300403,"","bash,CVE-2021-44228,java,log4j,Log4shell,mirai","","","","Log4j ThreatFox IOC Feed","Log4j-CI","Log4j-CI",1,"High",0,"2021-12-14","collection:ioc-source=""abuse.ch"",tlp:white,false-positive:risk=""medium"",osint:source-type=""automatic-collection""",1640437203
"426176ea-9491-4148-8e7c-615c0cea0768",4165,"Network activity","ip-dst|port","91.200.103.249|1389","bash CVE-2021-44228 java log4j log4shell rogue-ldap",1,1640300403,"","bash,CVE-2021-44228,java,log4j,Log4shell,rogue-ldap","","","","Log4j ThreatFox IOC Feed","Log4j-CI","Log4j-CI",1,"High",0,"2021-12-14","collection:ioc-source=""abuse.ch"",tlp:white,false-positive:risk=""medium"",osint:source-type=""automatic-collection""",1640437203
"28793caa-5980-42a2-b275-246e793ce94c",4165,"Network activity","domain","bot.medusabotnet.com","CVE-2021-44228 log4j Mirai",1,1640332802,"","CVE-2021-44228,log4j,mirai","","","","Log4j ThreatFox IOC Feed","Log4j-CI","Log4j-CI",1,"High",0,"2021-12-14","collection:ioc-source=""abuse.ch"",tlp:white,false-positive:risk=""medium"",osint:source-type=""automatic-collection""",1640437203
"3d32f855-3927-43a1-a663-bfb75c822956",4165,"Network activity","domain","medusabotnet.com","CVE-2021-44228 log4j Mirai",1,1640332802,"","CVE-2021-44228,log4j,mirai","","","","Log4j ThreatFox IOC Feed","Log4j-CI","Log4j-CI",1,"High",0,"2021-12-14","collection:ioc-source=""abuse.ch"",tlp:white,false-positive:risk=""medium"",osint:source-type=""automatic-collection""",1640437203
"22bf5613-038c-49a0-920d-70c1f6eaa98f",4165,"Network activity","domain","www.7cfa.win","BillAGes CVE-2021-44228 log4j",1,1640422802,"","BillAGes,CVE-2021-44228,log4j","","","","Log4j ThreatFox IOC Feed","Log4j-CI","Log4j-CI",1,"High",0,"2021-12-14","collection:ioc-source=""abuse.ch"",tlp:white,false-positive:risk=""medium"",osint:source-type=""automatic-collection""",1640437203
"6c22656b-a51f-45b1-a791-7c0563cc892e",4165,"Network activity","domain","cao.300gsyn.it","BillAGes CVE-2021-44228 log4j",1,1640422802,"","BillAGes,CVE-2021-44228,log4j","","","","Log4j ThreatFox IOC Feed","Log4j-CI","Log4j-CI",1,"High",0,"2021-12-14","collection:ioc-source=""abuse.ch"",tlp:white,false-positive:risk=""medium"",osint:source-type=""automatic-collection""",1640437203
"ee321377-1e43-4b2f-bbfd-7ea69c70f6dc",4165,"Network activity","ip-dst|port","192.236.198.127|25009","BillGates CVE-2021-44228 log4j",1,1640422802,"","BillGates,CVE-2021-44228,log4j","","","","Log4j ThreatFox IOC Feed","Log4j-CI","Log4j-CI",1,"High",0,"2021-12-14","collection:ioc-source=""abuse.ch"",tlp:white,false-positive:risk=""medium"",osint:source-type=""automatic-collection""",1640437203
"ac2e0ed0-4d66-4791-b4f0-75ae98c12415",4165,"Payload delivery","sha256","e7d0c568b14225b67056265b19e0d0b2fb111815809df46fa6f857636955a200","ConnectBack elf log4j",1,1640437203,"","ConnectBack,elf,log4j","","","","Log4j ThreatFox IOC Feed","Log4j-CI","Log4j-CI",1,"High",0,"2021-12-14","collection:ioc-source=""abuse.ch"",tlp:white,false-positive:risk=""medium"",osint:source-type=""automatic-collection""",1640437203

